month,department,level,headcount_or_hires,avg_salary_or_exits,location
2024-01-01,Sales,Junior,13,35000.0,Bangkok HQ
2024-01-01,Sales,Mid,13,52100.0,Bangkok HQ
2024-01-01,Sales,Senior,9,61700.0,Rayong Plant
2024-01-01,Sales,Lead,5,70800.0,Bangkok HQ
2024-01-01,Sales,Manager,4,105600.0,Bangkok HQ
2024-01-01,Sales,_movement,0,0,ALL
2024-01-01,Marketing,Junior,3,29200.0,Bangkok HQ
2024-01-01,Marketing,Mid,3,39600.0,Bangkok HQ
2024-01-01,Marketing,Senior,2,58800.0,Bangkok HQ
2024-01-01,Marketing,Lead,1,91100.0,Bangkok HQ
2024-01-01,Marketing,Manager,1,95500.0,Rayong Plant
2024-01-01,Marketing,_movement,1,1,ALL
2024-01-01,Engineering,Junior,9,44900.0,Chiang Mai Hub
2024-01-01,Engineering,Mid,9,48200.0,Bangkok HQ
2024-01-01,Engineering,Senior,6,63800.0,Bangkok HQ
2024-01-01,Engineering,Lead,3,84200.0,Bangkok HQ
2024-01-01,Engineering,Manager,2,150500.0,Bangkok HQ
2024-01-01,Engineering,_movement,3,1,ALL
2024-01-01,Finance,Junior,11,39500.0,Rayong Plant
2024-01-01,Finance,Mid,11,45300.0,Bangkok HQ
2024-01-01,Finance,Senior,7,71800.0,Rayong Plant
2024-01-01,Finance,Lead,4,79800.0,Bangkok HQ
2024-01-01,Finance,Manager,3,123700.0,Bangkok HQ
2024-01-01,Finance,_movement,1,0,ALL
2024-01-01,Operations,Junior,4,28400.0,Bangkok HQ
2024-01-01,Operations,Mid,4,59500.0,Rayong Plant
2024-01-01,Operations,Senior,3,94900.0,Rayong Plant
2024-01-01,Operations,Lead,2,83600.0,Rayong Plant
2024-01-01,Operations,Manager,1,94700.0,Bangkok HQ
2024-01-01,Operations,_movement,1,0,ALL
2024-01-01,HR,Junior,4,30400.0,Rayong Plant
2024-01-01,HR,Mid,4,65500.0,Bangkok HQ
2024-01-01,HR,Senior,3,70500.0,Chiang Mai Hub
2024-01-01,HR,Lead,2,88200.0,Bangkok HQ
2024-01-01,HR,Manager,1,96000.0,Bangkok HQ
2024-01-01,HR,_movement,1,0,ALL
2024-01-01,Customer Success,Junior,4,27100.0,Bangkok HQ
2024-01-01,Customer Success,Mid,4,65300.0,Bangkok HQ
2024-01-01,Customer Success,Senior,3,58300.0,Chiang Mai Hub
2024-01-01,Customer Success,Lead,2,95700.0,Bangkok HQ
2024-01-01,Customer Success,Manager,1,127300.0,Bangkok HQ
2024-01-01,Customer Success,_movement,0,0,ALL
2024-02-01,Sales,Junior,14,39800.0,Chiang Mai Hub
2024-02-01,Sales,Mid,14,54900.0,Bangkok HQ
2024-02-01,Sales,Senior,9,98600.0,Chiang Mai Hub
2024-02-01,Sales,Lead,6,125000.0,Bangkok HQ
2024-02-01,Sales,Manager,4,90200.0,Bangkok HQ
2024-02-01,Sales,_movement,3,0,ALL
2024-02-01,Marketing,Junior,3,44700.0,Bangkok HQ
2024-02-01,Marketing,Mid,3,40900.0,Rayong Plant
2024-02-01,Marketing,Senior,2,93100.0,Rayong Plant
2024-02-01,Marketing,Lead,1,87200.0,Bangkok HQ
2024-02-01,Marketing,Manager,1,113100.0,Bangkok HQ
2024-02-01,Marketing,_movement,1,0,ALL
2024-02-01,Engineering,Junior,9,27700.0,Bangkok HQ
2024-02-01,Engineering,Mid,9,42500.0,Bangkok HQ
2024-02-01,Engineering,Senior,6,97100.0,Bangkok HQ
2024-02-01,Engineering,Lead,4,96800.0,Bangkok HQ
2024-02-01,Engineering,Manager,2,128300.0,Bangkok HQ
2024-02-01,Engineering,_movement,1,0,ALL
2024-02-01,Finance,Junior,11,43500.0,Bangkok HQ
2024-02-01,Finance,Mid,11,59600.0,Rayong Plant
2024-02-01,Finance,Senior,8,97700.0,Bangkok HQ
2024-02-01,Finance,Lead,5,87000.0,Rayong Plant
2024-02-01,Finance,Manager,3,131100.0,Rayong Plant
2024-02-01,Finance,_movement,3,1,ALL
2024-02-01,Operations,Junior,4,39500.0,Bangkok HQ
2024-02-01,Operations,Mid,4,44900.0,Bangkok HQ
2024-02-01,Operations,Senior,3,69300.0,Bangkok HQ
2024-02-01,Operations,Lead,2,107700.0,Bangkok HQ
2024-02-01,Operations,Manager,1,121300.0,Bangkok HQ
2024-02-01,Operations,_movement,0,0,ALL
2024-02-01,HR,Junior,4,25400.0,Bangkok HQ
2024-02-01,HR,Mid,4,41300.0,Bangkok HQ
2024-02-01,HR,Senior,3,79200.0,Bangkok HQ
2024-02-01,HR,Lead,2,121000.0,Bangkok HQ
2024-02-01,HR,Manager,1,110500.0,Bangkok HQ
2024-02-01,HR,_movement,0,0,ALL
2024-02-01,Customer Success,Junior,5,29600.0,Bangkok HQ
2024-02-01,Customer Success,Mid,5,47800.0,Bangkok HQ
2024-02-01,Customer Success,Senior,3,66200.0,Bangkok HQ
2024-02-01,Customer Success,Lead,2,119700.0,Bangkok HQ
2024-02-01,Customer Success,Manager,1,119100.0,Rayong Plant
2024-02-01,Customer Success,_movement,3,0,ALL
2024-03-01,Sales,Junior,14,31000.0,Bangkok HQ
2024-03-01,Sales,Mid,14,58500.0,Bangkok HQ
2024-03-01,Sales,Senior,9,66800.0,Rayong Plant
2024-03-01,Sales,Lead,6,71000.0,Bangkok HQ
2024-03-01,Sales,Manager,4,154500.0,Bangkok HQ
2024-03-01,Sales,_movement,0,0,ALL
2024-03-01,Marketing,Junior,3,44600.0,Bangkok HQ
2024-03-01,Marketing,Mid,3,52700.0,Bangkok HQ
2024-03-01,Marketing,Senior,2,72500.0,Bangkok HQ
2024-03-01,Marketing,Lead,1,98800.0,Bangkok HQ
2024-03-01,Marketing,Manager,1,97100.0,Bangkok HQ
2024-03-01,Marketing,_movement,0,1,ALL
2024-03-01,Engineering,Junior,9,35900.0,Bangkok HQ
2024-03-01,Engineering,Mid,9,66000.0,Bangkok HQ
2024-03-01,Engineering,Senior,6,88800.0,Bangkok HQ
2024-03-01,Engineering,Lead,4,115100.0,Rayong Plant
2024-03-01,Engineering,Manager,2,146900.0,Bangkok HQ
2024-03-01,Engineering,_movement,1,1,ALL
2024-03-01,Finance,Junior,11,27300.0,Bangkok HQ
2024-03-01,Finance,Mid,11,38700.0,Bangkok HQ
2024-03-01,Finance,Senior,8,78600.0,Bangkok HQ
2024-03-01,Finance,Lead,5,74000.0,Bangkok HQ
2024-03-01,Finance,Manager,3,95400.0,Bangkok HQ
2024-03-01,Finance,_movement,0,0,ALL
2024-03-01,Operations,Junior,4,43200.0,Bangkok HQ
2024-03-01,Operations,Mid,4,49000.0,Bangkok HQ
2024-03-01,Operations,Senior,3,76500.0,Bangkok HQ
2024-03-01,Operations,Lead,2,116500.0,Rayong Plant
2024-03-01,Operations,Manager,1,138800.0,Bangkok HQ
2024-03-01,Operations,_movement,0,0,ALL
2024-03-01,HR,Junior,4,34900.0,Rayong Plant
2024-03-01,HR,Mid,4,38800.0,Bangkok HQ
2024-03-01,HR,Senior,3,62500.0,Bangkok HQ
2024-03-01,HR,Lead,2,86400.0,Bangkok HQ
2024-03-01,HR,Manager,1,122100.0,Bangkok HQ
2024-03-01,HR,_movement,1,1,ALL
2024-03-01,Customer Success,Junior,5,44400.0,Chiang Mai Hub
2024-03-01,Customer Success,Mid,5,66200.0,Rayong Plant
2024-03-01,Customer Success,Senior,3,91800.0,Rayong Plant
2024-03-01,Customer Success,Lead,2,103600.0,Rayong Plant
2024-03-01,Customer Success,Manager,1,150200.0,Bangkok HQ
2024-03-01,Customer Success,_movement,0,1,ALL
2024-04-01,Sales,Junior,14,41800.0,Bangkok HQ
2024-04-01,Sales,Mid,14,63300.0,Rayong Plant
2024-04-01,Sales,Senior,10,95900.0,Bangkok HQ
2024-04-01,Sales,Lead,6,104100.0,Bangkok HQ
2024-04-01,Sales,Manager,4,94700.0,Bangkok HQ
2024-04-01,Sales,_movement,1,0,ALL
2024-04-01,Marketing,Junior,4,37800.0,Rayong Plant
2024-04-01,Marketing,Mid,4,47900.0,Bangkok HQ
2024-04-01,Marketing,Senior,2,88400.0,Bangkok HQ
2024-04-01,Marketing,Lead,1,84500.0,Bangkok HQ
2024-04-01,Marketing,Manager,1,144600.0,Rayong Plant
2024-04-01,Marketing,_movement,3,1,ALL
2024-04-01,Engineering,Junior,9,28500.0,Bangkok HQ
2024-04-01,Engineering,Mid,9,38500.0,Bangkok HQ
2024-04-01,Engineering,Senior,6,61100.0,Bangkok HQ
2024-04-01,Engineering,Lead,3,85900.0,Rayong Plant
2024-04-01,Engineering,Manager,2,141900.0,Chiang Mai Hub
2024-04-01,Engineering,_movement,0,1,ALL
2024-04-01,Finance,Junior,11,29100.0,Bangkok HQ
2024-04-01,Finance,Mid,11,62100.0,Bangkok HQ
2024-04-01,Finance,Senior,7,94600.0,Bangkok HQ
2024-04-01,Finance,Lead,4,86600.0,Bangkok HQ
2024-04-01,Finance,Manager,3,110900.0,Rayong Plant
2024-04-01,Finance,_movement,0,1,ALL
2024-04-01,Operations,Junior,4,42500.0,Rayong Plant
2024-04-01,Operations,Mid,4,50700.0,Bangkok HQ
2024-04-01,Operations,Senior,3,60400.0,Chiang Mai Hub
2024-04-01,Operations,Lead,2,90000.0,Bangkok HQ
2024-04-01,Operations,Manager,1,156000.0,Bangkok HQ
2024-04-01,Operations,_movement,0,0,ALL
2024-04-01,HR,Junior,4,38300.0,Chiang Mai Hub
2024-04-01,HR,Mid,4,41400.0,Bangkok HQ
2024-04-01,HR,Senior,3,94900.0,Rayong Plant
2024-04-01,HR,Lead,2,124200.0,Rayong Plant
2024-04-01,HR,Manager,1,137200.0,Rayong Plant
2024-04-01,HR,_movement,0,0,ALL
2024-04-01,Customer Success,Junior,5,39000.0,Bangkok HQ
2024-04-01,Customer Success,Mid,5,44200.0,Rayong Plant
2024-04-01,Customer Success,Senior,3,94000.0,Bangkok HQ
2024-04-01,Customer Success,Lead,2,106100.0,Bangkok HQ
2024-04-01,Customer Success,Manager,1,118200.0,Bangkok HQ
2024-04-01,Customer Success,_movement,1,0,ALL
2024-05-01,Sales,Junior,14,42900.0,Bangkok HQ
2024-05-01,Sales,Mid,14,38900.0,Bangkok HQ
2024-05-01,Sales,Senior,10,81500.0,Bangkok HQ
2024-05-01,Sales,Lead,6,92200.0,Bangkok HQ
2024-05-01,Sales,Manager,4,141400.0,Bangkok HQ
2024-05-01,Sales,_movement,0,0,ALL
2024-05-01,Marketing,Junior,3,28000.0,Bangkok HQ
2024-05-01,Marketing,Mid,3,47600.0,Bangkok HQ
2024-05-01,Marketing,Senior,2,67100.0,Rayong Plant
2024-05-01,Marketing,Lead,1,70100.0,Rayong Plant
2024-05-01,Marketing,Manager,1,109100.0,Bangkok HQ
2024-05-01,Marketing,_movement,1,2,ALL
2024-05-01,Engineering,Junior,9,34500.0,Bangkok HQ
2024-05-01,Engineering,Mid,9,58300.0,Bangkok HQ
2024-05-01,Engineering,Senior,6,68800.0,Bangkok HQ
2024-05-01,Engineering,Lead,4,102800.0,Bangkok HQ
2024-05-01,Engineering,Manager,2,142200.0,Bangkok HQ
2024-05-01,Engineering,_movement,1,0,ALL
2024-05-01,Finance,Junior,11,28900.0,Bangkok HQ
2024-05-01,Finance,Mid,11,41200.0,Rayong Plant
2024-05-01,Finance,Senior,7,96700.0,Bangkok HQ
2024-05-01,Finance,Lead,4,109500.0,Bangkok HQ
2024-05-01,Finance,Manager,3,154300.0,Bangkok HQ
2024-05-01,Finance,_movement,2,2,ALL
2024-05-01,Operations,Junior,4,42800.0,Bangkok HQ
2024-05-01,Operations,Mid,4,43000.0,Bangkok HQ
2024-05-01,Operations,Senior,3,55700.0,Chiang Mai Hub
2024-05-01,Operations,Lead,2,89800.0,Rayong Plant
2024-05-01,Operations,Manager,1,108600.0,Bangkok HQ
2024-05-01,Operations,_movement,0,1,ALL
2024-05-01,HR,Junior,4,42100.0,Bangkok HQ
2024-05-01,HR,Mid,4,41500.0,Bangkok HQ
2024-05-01,HR,Senior,3,93600.0,Bangkok HQ
2024-05-01,HR,Lead,2,80900.0,Bangkok HQ
2024-05-01,HR,Manager,1,144300.0,Bangkok HQ
2024-05-01,HR,_movement,2,1,ALL
2024-05-01,Customer Success,Junior,5,27600.0,Bangkok HQ
2024-05-01,Customer Success,Mid,5,62100.0,Bangkok HQ
2024-05-01,Customer Success,Senior,3,56300.0,Chiang Mai Hub
2024-05-01,Customer Success,Lead,2,77100.0,Rayong Plant
2024-05-01,Customer Success,Manager,1,146800.0,Rayong Plant
2024-05-01,Customer Success,_movement,0,0,ALL
2024-06-01,Sales,Junior,15,40800.0,Rayong Plant
2024-06-01,Sales,Mid,15,43500.0,Bangkok HQ
2024-06-01,Sales,Senior,10,74200.0,Bangkok HQ
2024-06-01,Sales,Lead,6,115100.0,Bangkok HQ
2024-06-01,Sales,Manager,4,130500.0,Rayong Plant
2024-06-01,Sales,_movement,2,0,ALL
2024-06-01,Marketing,Junior,4,25100.0,Bangkok HQ
2024-06-01,Marketing,Mid,4,40900.0,Bangkok HQ
2024-06-01,Marketing,Senior,3,58000.0,Bangkok HQ
2024-06-01,Marketing,Lead,2,85100.0,Bangkok HQ
2024-06-01,Marketing,Manager,1,102900.0,Rayong Plant
2024-06-01,Marketing,_movement,2,0,ALL
2024-06-01,Engineering,Junior,8,30100.0,Bangkok HQ
2024-06-01,Engineering,Mid,8,42700.0,Bangkok HQ
2024-06-01,Engineering,Senior,6,79000.0,Bangkok HQ
2024-06-01,Engineering,Lead,3,110800.0,Bangkok HQ
2024-06-01,Engineering,Manager,2,148600.0,Bangkok HQ
2024-06-01,Engineering,_movement,0,2,ALL
2024-06-01,Finance,Junior,12,29100.0,Chiang Mai Hub
2024-06-01,Finance,Mid,12,54700.0,Rayong Plant
2024-06-01,Finance,Senior,8,93600.0,Bangkok HQ
2024-06-01,Finance,Lead,5,70100.0,Bangkok HQ
2024-06-01,Finance,Manager,3,93800.0,Bangkok HQ
2024-06-01,Finance,_movement,2,0,ALL
2024-06-01,Operations,Junior,4,38200.0,Chiang Mai Hub
2024-06-01,Operations,Mid,4,49400.0,Rayong Plant
2024-06-01,Operations,Senior,3,78400.0,Bangkok HQ
2024-06-01,Operations,Lead,2,83400.0,Bangkok HQ
2024-06-01,Operations,Manager,1,135500.0,Bangkok HQ
2024-06-01,Operations,_movement,0,1,ALL
2024-06-01,HR,Junior,5,27900.0,Rayong Plant
2024-06-01,HR,Mid,5,64200.0,Rayong Plant
2024-06-01,HR,Senior,3,81700.0,Bangkok HQ
2024-06-01,HR,Lead,2,97800.0,Bangkok HQ
2024-06-01,HR,Manager,1,110800.0,Bangkok HQ
2024-06-01,HR,_movement,2,0,ALL
2024-06-01,Customer Success,Junior,5,43600.0,Bangkok HQ
2024-06-01,Customer Success,Mid,5,52600.0,Chiang Mai Hub
2024-06-01,Customer Success,Senior,4,83200.0,Bangkok HQ
2024-06-01,Customer Success,Lead,2,102900.0,Bangkok HQ
2024-06-01,Customer Success,Manager,1,132400.0,Bangkok HQ
2024-06-01,Customer Success,_movement,1,0,ALL
2024-07-01,Sales,Junior,15,40300.0,Bangkok HQ
2024-07-01,Sales,Mid,15,60700.0,Bangkok HQ
2024-07-01,Sales,Senior,10,56200.0,Bangkok HQ
2024-07-01,Sales,Lead,6,106700.0,Bangkok HQ
2024-07-01,Sales,Manager,4,125900.0,Rayong Plant
2024-07-01,Sales,_movement,1,0,ALL
2024-07-01,Marketing,Junior,4,25100.0,Rayong Plant
2024-07-01,Marketing,Mid,4,42200.0,Bangkok HQ
2024-07-01,Marketing,Senior,3,56400.0,Bangkok HQ
2024-07-01,Marketing,Lead,2,77900.0,Bangkok HQ
2024-07-01,Marketing,Manager,1,140600.0,Bangkok HQ
2024-07-01,Marketing,_movement,0,0,ALL
2024-07-01,Engineering,Junior,9,27600.0,Bangkok HQ
2024-07-01,Engineering,Mid,9,51500.0,Rayong Plant
2024-07-01,Engineering,Senior,6,79300.0,Rayong Plant
2024-07-01,Engineering,Lead,3,121400.0,Bangkok HQ
2024-07-01,Engineering,Manager,2,126200.0,Bangkok HQ
2024-07-01,Engineering,_movement,1,0,ALL
2024-07-01,Finance,Junior,12,40900.0,Rayong Plant
2024-07-01,Finance,Mid,12,44100.0,Bangkok HQ
2024-07-01,Finance,Senior,8,58300.0,Bangkok HQ
2024-07-01,Finance,Lead,5,86500.0,Bangkok HQ
2024-07-01,Finance,Manager,3,115000.0,Bangkok HQ
2024-07-01,Finance,_movement,1,0,ALL
2024-07-01,Operations,Junior,4,28500.0,Bangkok HQ
2024-07-01,Operations,Mid,4,37600.0,Rayong Plant
2024-07-01,Operations,Senior,3,91400.0,Bangkok HQ
2024-07-01,Operations,Lead,2,99200.0,Bangkok HQ
2024-07-01,Operations,Manager,1,125100.0,Bangkok HQ
2024-07-01,Operations,_movement,1,0,ALL
2024-07-01,HR,Junior,5,31500.0,Bangkok HQ
2024-07-01,HR,Mid,5,62900.0,Bangkok HQ
2024-07-01,HR,Senior,3,88800.0,Bangkok HQ
2024-07-01,HR,Lead,2,77800.0,Bangkok HQ
2024-07-01,HR,Manager,1,146000.0,Bangkok HQ
2024-07-01,HR,_movement,0,0,ALL
2024-07-01,Customer Success,Junior,5,36800.0,Bangkok HQ
2024-07-01,Customer Success,Mid,5,47500.0,Bangkok HQ
2024-07-01,Customer Success,Senior,4,71800.0,Bangkok HQ
2024-07-01,Customer Success,Lead,2,97200.0,Bangkok HQ
2024-07-01,Customer Success,Manager,1,134700.0,Bangkok HQ
2024-07-01,Customer Success,_movement,1,1,ALL
2024-08-01,Sales,Junior,16,35000.0,Bangkok HQ
2024-08-01,Sales,Mid,16,40200.0,Rayong Plant
2024-08-01,Sales,Senior,10,76100.0,Bangkok HQ
2024-08-01,Sales,Lead,6,86000.0,Bangkok HQ
2024-08-01,Sales,Manager,4,98800.0,Bangkok HQ
2024-08-01,Sales,_movement,1,0,ALL
2024-08-01,Marketing,Junior,4,37400.0,Bangkok HQ
2024-08-01,Marketing,Mid,4,47500.0,Bangkok HQ
2024-08-01,Marketing,Senior,3,79700.0,Bangkok HQ
2024-08-01,Marketing,Lead,2,73000.0,Bangkok HQ
2024-08-01,Marketing,Manager,1,138400.0,Bangkok HQ
2024-08-01,Marketing,_movement,2,1,ALL
2024-08-01,Engineering,Junior,9,37200.0,Bangkok HQ
2024-08-01,Engineering,Mid,9,60900.0,Bangkok HQ
2024-08-01,Engineering,Senior,6,84400.0,Chiang Mai Hub
2024-08-01,Engineering,Lead,3,104300.0,Bangkok HQ
2024-08-01,Engineering,Manager,2,137000.0,Bangkok HQ
2024-08-01,Engineering,_movement,0,0,ALL
2024-08-01,Finance,Junior,12,32700.0,Bangkok HQ
2024-08-01,Finance,Mid,12,46100.0,Bangkok HQ
2024-08-01,Finance,Senior,8,66500.0,Rayong Plant
2024-08-01,Finance,Lead,5,85700.0,Bangkok HQ
2024-08-01,Finance,Manager,3,155500.0,Bangkok HQ
2024-08-01,Finance,_movement,0,0,ALL
2024-08-01,Operations,Junior,4,28300.0,Bangkok HQ
2024-08-01,Operations,Mid,4,51600.0,Chiang Mai Hub
2024-08-01,Operations,Senior,3,95600.0,Bangkok HQ
2024-08-01,Operations,Lead,2,103200.0,Bangkok HQ
2024-08-01,Operations,Manager,1,140200.0,Bangkok HQ
2024-08-01,Operations,_movement,0,0,ALL
2024-08-01,HR,Junior,5,42000.0,Bangkok HQ
2024-08-01,HR,Mid,5,48400.0,Bangkok HQ
2024-08-01,HR,Senior,3,65600.0,Chiang Mai Hub
2024-08-01,HR,Lead,2,93700.0,Rayong Plant
2024-08-01,HR,Manager,1,119600.0,Bangkok HQ
2024-08-01,HR,_movement,0,0,ALL
2024-08-01,Customer Success,Junior,5,25300.0,Rayong Plant
2024-08-01,Customer Success,Mid,5,42200.0,Chiang Mai Hub
2024-08-01,Customer Success,Senior,3,68800.0,Rayong Plant
2024-08-01,Customer Success,Lead,2,120700.0,Bangkok HQ
2024-08-01,Customer Success,Manager,1,99100.0,Bangkok HQ
2024-08-01,Customer Success,_movement,0,1,ALL
2024-09-01,Sales,Junior,16,29100.0,Rayong Plant
2024-09-01,Sales,Mid,16,50300.0,Bangkok HQ
2024-09-01,Sales,Senior,11,64600.0,Bangkok HQ
2024-09-01,Sales,Lead,6,96300.0,Chiang Mai Hub
2024-09-01,Sales,Manager,4,152800.0,Rayong Plant
2024-09-01,Sales,_movement,1,0,ALL
2024-09-01,Marketing,Junior,4,37700.0,Bangkok HQ
2024-09-01,Marketing,Mid,4,46800.0,Rayong Plant
2024-09-01,Marketing,Senior,3,95600.0,Bangkok HQ
2024-09-01,Marketing,Lead,2,104900.0,Bangkok HQ
2024-09-01,Marketing,Manager,1,152800.0,Bangkok HQ
2024-09-01,Marketing,_movement,1,0,ALL
2024-09-01,Engineering,Junior,9,35600.0,Bangkok HQ
2024-09-01,Engineering,Mid,9,52700.0,Bangkok HQ
2024-09-01,Engineering,Senior,6,79900.0,Bangkok HQ
2024-09-01,Engineering,Lead,3,90200.0,Bangkok HQ
2024-09-01,Engineering,Manager,2,104400.0,Bangkok HQ
2024-09-01,Engineering,_movement,0,0,ALL
2024-09-01,Finance,Junior,13,39700.0,Bangkok HQ
2024-09-01,Finance,Mid,13,64300.0,Bangkok HQ
2024-09-01,Finance,Senior,9,76700.0,Bangkok HQ
2024-09-01,Finance,Lead,5,98300.0,Bangkok HQ
2024-09-01,Finance,Manager,3,122600.0,Bangkok HQ
2024-09-01,Finance,_movement,3,0,ALL
2024-09-01,Operations,Junior,4,33600.0,Bangkok HQ
2024-09-01,Operations,Mid,4,53800.0,Chiang Mai Hub
2024-09-01,Operations,Senior,3,90700.0,Bangkok HQ
2024-09-01,Operations,Lead,2,101300.0,Bangkok HQ
2024-09-01,Operations,Manager,1,146900.0,Bangkok HQ
2024-09-01,Operations,_movement,1,1,ALL
2024-09-01,HR,Junior,5,30600.0,Rayong Plant
2024-09-01,HR,Mid,5,58800.0,Bangkok HQ
2024-09-01,HR,Senior,3,85900.0,Bangkok HQ
2024-09-01,HR,Lead,2,104300.0,Chiang Mai Hub
2024-09-01,HR,Manager,1,145000.0,Bangkok HQ
2024-09-01,HR,_movement,0,0,ALL
2024-09-01,Customer Success,Junior,5,38900.0,Rayong Plant
2024-09-01,Customer Success,Mid,5,48300.0,Bangkok HQ
2024-09-01,Customer Success,Senior,3,74100.0,Rayong Plant
2024-09-01,Customer Success,Lead,2,98300.0,Chiang Mai Hub
2024-09-01,Customer Success,Manager,1,138300.0,Rayong Plant
2024-09-01,Customer Success,_movement,0,1,ALL
2024-10-01,Sales,Junior,16,42800.0,Bangkok HQ
2024-10-01,Sales,Mid,16,56400.0,Bangkok HQ
2024-10-01,Sales,Senior,11,72900.0,Bangkok HQ
2024-10-01,Sales,Lead,6,101300.0,Bangkok HQ
2024-10-01,Sales,Manager,4,107200.0,Bangkok HQ
2024-10-01,Sales,_movement,0,0,ALL
2024-10-01,Marketing,Junior,5,34700.0,Bangkok HQ
2024-10-01,Marketing,Mid,5,44600.0,Bangkok HQ
2024-10-01,Marketing,Senior,3,65300.0,Bangkok HQ
2024-10-01,Marketing,Lead,2,122100.0,Bangkok HQ
2024-10-01,Marketing,Manager,1,106200.0,Bangkok HQ
2024-10-01,Marketing,_movement,2,1,ALL
2024-10-01,Engineering,Junior,9,37200.0,Bangkok HQ
2024-10-01,Engineering,Mid,9,43300.0,Rayong Plant
2024-10-01,Engineering,Senior,6,68900.0,Chiang Mai Hub
2024-10-01,Engineering,Lead,3,98200.0,Bangkok HQ
2024-10-01,Engineering,Manager,2,110900.0,Chiang Mai Hub
2024-10-01,Engineering,_movement,0,0,ALL
2024-10-01,Finance,Junior,13,34200.0,Bangkok HQ
2024-10-01,Finance,Mid,13,37500.0,Bangkok HQ
2024-10-01,Finance,Senior,9,83300.0,Bangkok HQ
2024-10-01,Finance,Lead,5,125200.0,Bangkok HQ
2024-10-01,Finance,Manager,4,137000.0,Rayong Plant
2024-10-01,Finance,_movement,2,1,ALL
2024-10-01,Operations,Junior,4,33900.0,Bangkok HQ
2024-10-01,Operations,Mid,4,39000.0,Bangkok HQ
2024-10-01,Operations,Senior,3,58900.0,Chiang Mai Hub
2024-10-01,Operations,Lead,2,82000.0,Bangkok HQ
2024-10-01,Operations,Manager,1,118800.0,Rayong Plant
2024-10-01,Operations,_movement,1,0,ALL
2024-10-01,HR,Junior,4,33400.0,Rayong Plant
2024-10-01,HR,Mid,4,66300.0,Bangkok HQ
2024-10-01,HR,Senior,3,90800.0,Bangkok HQ
2024-10-01,HR,Lead,2,102200.0,Rayong Plant
2024-10-01,HR,Manager,1,146700.0,Bangkok HQ
2024-10-01,HR,_movement,1,2,ALL
2024-10-01,Customer Success,Junior,5,40300.0,Bangkok HQ
2024-10-01,Customer Success,Mid,5,61600.0,Bangkok HQ
2024-10-01,Customer Success,Senior,3,74900.0,Bangkok HQ
2024-10-01,Customer Success,Lead,2,105900.0,Bangkok HQ
2024-10-01,Customer Success,Manager,1,109800.0,Rayong Plant
2024-10-01,Customer Success,_movement,0,0,ALL
2024-11-01,Sales,Junior,16,34000.0,Bangkok HQ
2024-11-01,Sales,Mid,16,49100.0,Bangkok HQ
2024-11-01,Sales,Senior,11,86400.0,Bangkok HQ
2024-11-01,Sales,Lead,7,115500.0,Bangkok HQ
2024-11-01,Sales,Manager,4,97900.0,Bangkok HQ
2024-11-01,Sales,_movement,2,0,ALL
2024-11-01,Marketing,Junior,4,26000.0,Bangkok HQ
2024-11-01,Marketing,Mid,4,48600.0,Bangkok HQ
2024-11-01,Marketing,Senior,3,55900.0,Bangkok HQ
2024-11-01,Marketing,Lead,2,78500.0,Bangkok HQ
2024-11-01,Marketing,Manager,1,134300.0,Bangkok HQ
2024-11-01,Marketing,_movement,0,1,ALL
2024-11-01,Engineering,Junior,9,42400.0,Rayong Plant
2024-11-01,Engineering,Mid,9,59800.0,Bangkok HQ
2024-11-01,Engineering,Senior,6,94800.0,Bangkok HQ
2024-11-01,Engineering,Lead,4,72900.0,Bangkok HQ
2024-11-01,Engineering,Manager,2,124200.0,Bangkok HQ
2024-11-01,Engineering,_movement,2,0,ALL
2024-11-01,Finance,Junior,13,39400.0,Bangkok HQ
2024-11-01,Finance,Mid,13,40900.0,Chiang Mai Hub
2024-11-01,Finance,Senior,9,98500.0,Bangkok HQ
2024-11-01,Finance,Lead,5,104700.0,Rayong Plant
2024-11-01,Finance,Manager,4,91500.0,Rayong Plant
2024-11-01,Finance,_movement,0,0,ALL
2024-11-01,Operations,Junior,5,44000.0,Bangkok HQ
2024-11-01,Operations,Mid,5,42700.0,Bangkok HQ
2024-11-01,Operations,Senior,3,78700.0,Bangkok HQ
2024-11-01,Operations,Lead,2,81200.0,Bangkok HQ
2024-11-01,Operations,Manager,1,103800.0,Bangkok HQ
2024-11-01,Operations,_movement,1,0,ALL
2024-11-01,HR,Junior,5,37300.0,Chiang Mai Hub
2024-11-01,HR,Mid,5,43300.0,Bangkok HQ
2024-11-01,HR,Senior,3,78500.0,Rayong Plant
2024-11-01,HR,Lead,2,76200.0,Bangkok HQ
2024-11-01,HR,Manager,1,132500.0,Bangkok HQ
2024-11-01,HR,_movement,1,0,ALL
2024-11-01,Customer Success,Junior,4,34300.0,Bangkok HQ
2024-11-01,Customer Success,Mid,4,57900.0,Bangkok HQ
2024-11-01,Customer Success,Senior,3,60900.0,Bangkok HQ
2024-11-01,Customer Success,Lead,2,124000.0,Bangkok HQ
2024-11-01,Customer Success,Manager,1,126900.0,Bangkok HQ
2024-11-01,Customer Success,_movement,0,1,ALL
2024-12-01,Sales,Junior,16,29300.0,Bangkok HQ
2024-12-01,Sales,Mid,16,64000.0,Bangkok HQ
2024-12-01,Sales,Senior,11,67500.0,Rayong Plant
2024-12-01,Sales,Lead,7,81400.0,Rayong Plant
2024-12-01,Sales,Manager,4,95900.0,Bangkok HQ
2024-12-01,Sales,_movement,0,0,ALL
2024-12-01,Marketing,Junior,4,43900.0,Bangkok HQ
2024-12-01,Marketing,Mid,4,37600.0,Rayong Plant
2024-12-01,Marketing,Senior,3,57800.0,Bangkok HQ
2024-12-01,Marketing,Lead,2,113300.0,Rayong Plant
2024-12-01,Marketing,Manager,1,132100.0,Bangkok HQ
2024-12-01,Marketing,_movement,0,0,ALL
2024-12-01,Engineering,Junior,9,29900.0,Rayong Plant
2024-12-01,Engineering,Mid,9,55900.0,Bangkok HQ
2024-12-01,Engineering,Senior,6,99000.0,Bangkok HQ
2024-12-01,Engineering,Lead,4,93300.0,Bangkok HQ
2024-12-01,Engineering,Manager,2,97200.0,Rayong Plant
2024-12-01,Engineering,_movement,0,0,ALL
2024-12-01,Finance,Junior,14,40200.0,Chiang Mai Hub
2024-12-01,Finance,Mid,14,58500.0,Chiang Mai Hub
2024-12-01,Finance,Senior,9,89500.0,Rayong Plant
2024-12-01,Finance,Lead,5,71200.0,Bangkok HQ
2024-12-01,Finance,Manager,4,127300.0,Bangkok HQ
2024-12-01,Finance,_movement,1,0,ALL
2024-12-01,Operations,Junior,5,41700.0,Bangkok HQ
2024-12-01,Operations,Mid,5,49900.0,Bangkok HQ
2024-12-01,Operations,Senior,3,60700.0,Bangkok HQ
2024-12-01,Operations,Lead,2,71200.0,Rayong Plant
2024-12-01,Operations,Manager,1,132800.0,Bangkok HQ
2024-12-01,Operations,_movement,0,0,ALL
2024-12-01,HR,Junior,5,32300.0,Rayong Plant
2024-12-01,HR,Mid,5,53200.0,Bangkok HQ
2024-12-01,HR,Senior,3,76100.0,Rayong Plant
2024-12-01,HR,Lead,2,121500.0,Bangkok HQ
2024-12-01,HR,Manager,1,114400.0,Bangkok HQ
2024-12-01,HR,_movement,0,0,ALL
2024-12-01,Customer Success,Junior,5,45000.0,Bangkok HQ
2024-12-01,Customer Success,Mid,5,51400.0,Bangkok HQ
2024-12-01,Customer Success,Senior,3,87300.0,Bangkok HQ
2024-12-01,Customer Success,Lead,2,87500.0,Chiang Mai Hub
2024-12-01,Customer Success,Manager,1,141600.0,Bangkok HQ
2024-12-01,Customer Success,_movement,2,1,ALL
2025-01-01,Sales,Junior,16,25500.0,Rayong Plant
2025-01-01,Sales,Mid,16,41400.0,Rayong Plant
2025-01-01,Sales,Senior,11,75700.0,Bangkok HQ
2025-01-01,Sales,Lead,7,71000.0,Bangkok HQ
2025-01-01,Sales,Manager,4,139300.0,Rayong Plant
2025-01-01,Sales,_movement,0,0,ALL
2025-01-01,Marketing,Junior,4,28200.0,Bangkok HQ
2025-01-01,Marketing,Mid,4,59200.0,Rayong Plant
2025-01-01,Marketing,Senior,3,88400.0,Rayong Plant
2025-01-01,Marketing,Lead,2,75200.0,Rayong Plant
2025-01-01,Marketing,Manager,1,142100.0,Bangkok HQ
2025-01-01,Marketing,_movement,0,1,ALL
2025-01-01,Engineering,Junior,9,44800.0,Bangkok HQ
2025-01-01,Engineering,Mid,9,45900.0,Bangkok HQ
2025-01-01,Engineering,Senior,6,55400.0,Rayong Plant
2025-01-01,Engineering,Lead,4,78100.0,Bangkok HQ
2025-01-01,Engineering,Manager,2,101300.0,Bangkok HQ
2025-01-01,Engineering,_movement,1,2,ALL
2025-01-01,Finance,Junior,13,31000.0,Bangkok HQ
2025-01-01,Finance,Mid,13,67200.0,Chiang Mai Hub
2025-01-01,Finance,Senior,9,70300.0,Rayong Plant
2025-01-01,Finance,Lead,5,122700.0,Bangkok HQ
2025-01-01,Finance,Manager,4,114300.0,Bangkok HQ
2025-01-01,Finance,_movement,0,1,ALL
2025-01-01,Operations,Junior,5,41100.0,Bangkok HQ
2025-01-01,Operations,Mid,5,63400.0,Rayong Plant
2025-01-01,Operations,Senior,3,63300.0,Bangkok HQ
2025-01-01,Operations,Lead,2,123100.0,Bangkok HQ
2025-01-01,Operations,Manager,1,140600.0,Chiang Mai Hub
2025-01-01,Operations,_movement,0,0,ALL
2025-01-01,HR,Junior,5,37000.0,Bangkok HQ
2025-01-01,HR,Mid,5,47600.0,Rayong Plant
2025-01-01,HR,Senior,4,75600.0,Bangkok HQ
2025-01-01,HR,Lead,2,124900.0,Rayong Plant
2025-01-01,HR,Manager,1,89900.0,Bangkok HQ
2025-01-01,HR,_movement,2,0,ALL
2025-01-01,Customer Success,Junior,5,42500.0,Bangkok HQ
2025-01-01,Customer Success,Mid,5,61100.0,Chiang Mai Hub
2025-01-01,Customer Success,Senior,3,70500.0,Bangkok HQ
2025-01-01,Customer Success,Lead,2,109700.0,Bangkok HQ
2025-01-01,Customer Success,Manager,1,129200.0,Bangkok HQ
2025-01-01,Customer Success,_movement,0,0,ALL
2025-02-01,Sales,Junior,16,34200.0,Bangkok HQ
2025-02-01,Sales,Mid,16,48500.0,Chiang Mai Hub
2025-02-01,Sales,Senior,11,66300.0,Bangkok HQ
2025-02-01,Sales,Lead,7,103000.0,Bangkok HQ
2025-02-01,Sales,Manager,4,138200.0,Bangkok HQ
2025-02-01,Sales,_movement,0,0,ALL
2025-02-01,Marketing,Junior,4,38000.0,Bangkok HQ
2025-02-01,Marketing,Mid,4,55900.0,Rayong Plant
2025-02-01,Marketing,Senior,3,72000.0,Bangkok HQ
2025-02-01,Marketing,Lead,2,103700.0,Bangkok HQ
2025-02-01,Marketing,Manager,1,105800.0,Bangkok HQ
2025-02-01,Marketing,_movement,0,1,ALL
2025-02-01,Engineering,Junior,9,25500.0,Bangkok HQ
2025-02-01,Engineering,Mid,9,67400.0,Rayong Plant
2025-02-01,Engineering,Senior,6,88900.0,Bangkok HQ
2025-02-01,Engineering,Lead,4,114100.0,Bangkok HQ
2025-02-01,Engineering,Manager,2,109300.0,Rayong Plant
2025-02-01,Engineering,_movement,1,0,ALL
2025-02-01,Finance,Junior,14,31700.0,Bangkok HQ
2025-02-01,Finance,Mid,14,61300.0,Bangkok HQ
2025-02-01,Finance,Senior,9,65800.0,Bangkok HQ
2025-02-01,Finance,Lead,5,113600.0,Bangkok HQ
2025-02-01,Finance,Manager,4,90300.0,Bangkok HQ
2025-02-01,Finance,_movement,1,0,ALL
2025-02-01,Operations,Junior,5,43900.0,Bangkok HQ
2025-02-01,Operations,Mid,5,66900.0,Bangkok HQ
2025-02-01,Operations,Senior,4,77200.0,Rayong Plant
2025-02-01,Operations,Lead,2,91400.0,Bangkok HQ
2025-02-01,Operations,Manager,1,113900.0,Bangkok HQ
2025-02-01,Operations,_movement,2,0,ALL
2025-02-01,HR,Junior,6,33600.0,Chiang Mai Hub
2025-02-01,HR,Mid,6,37700.0,Rayong Plant
2025-02-01,HR,Senior,4,75500.0,Bangkok HQ
2025-02-01,HR,Lead,2,94700.0,Bangkok HQ
2025-02-01,HR,Manager,2,102900.0,Bangkok HQ
2025-02-01,HR,_movement,2,1,ALL
2025-02-01,Customer Success,Junior,5,36600.0,Bangkok HQ
2025-02-01,Customer Success,Mid,5,65900.0,Bangkok HQ
2025-02-01,Customer Success,Senior,3,94600.0,Bangkok HQ
2025-02-01,Customer Success,Lead,2,95600.0,Bangkok HQ
2025-02-01,Customer Success,Manager,1,134600.0,Bangkok HQ
2025-02-01,Customer Success,_movement,0,0,ALL
2025-03-01,Sales,Junior,16,28100.0,Bangkok HQ
2025-03-01,Sales,Mid,16,59900.0,Bangkok HQ
2025-03-01,Sales,Senior,11,62900.0,Chiang Mai Hub
2025-03-01,Sales,Lead,7,75200.0,Rayong Plant
2025-03-01,Sales,Manager,4,100800.0,Bangkok HQ
2025-03-01,Sales,_movement,0,0,ALL
2025-03-01,Marketing,Junior,4,32900.0,Rayong Plant
2025-03-01,Marketing,Mid,4,50300.0,Bangkok HQ
2025-03-01,Marketing,Senior,3,64400.0,Bangkok HQ
2025-03-01,Marketing,Lead,2,85000.0,Bangkok HQ
2025-03-01,Marketing,Manager,1,125700.0,Bangkok HQ
2025-03-01,Marketing,_movement,0,0,ALL
2025-03-01,Engineering,Junior,9,29000.0,Bangkok HQ
2025-03-01,Engineering,Mid,9,50200.0,Rayong Plant
2025-03-01,Engineering,Senior,6,83700.0,Rayong Plant
2025-03-01,Engineering,Lead,4,95700.0,Bangkok HQ
2025-03-01,Engineering,Manager,2,156700.0,Bangkok HQ
2025-03-01,Engineering,_movement,2,2,ALL
2025-03-01,Finance,Junior,13,42600.0,Bangkok HQ
2025-03-01,Finance,Mid,13,66400.0,Bangkok HQ
2025-03-01,Finance,Senior,9,59600.0,Bangkok HQ
2025-03-01,Finance,Lead,5,74500.0,Bangkok HQ
2025-03-01,Finance,Manager,3,133500.0,Bangkok HQ
2025-03-01,Finance,_movement,0,2,ALL
2025-03-01,Operations,Junior,5,34200.0,Rayong Plant
2025-03-01,Operations,Mid,5,39300.0,Rayong Plant
2025-03-01,Operations,Senior,4,56600.0,Chiang Mai Hub
2025-03-01,Operations,Lead,2,83900.0,Bangkok HQ
2025-03-01,Operations,Manager,1,134700.0,Chiang Mai Hub
2025-03-01,Operations,_movement,2,2,ALL
2025-03-01,HR,Junior,6,27400.0,Chiang Mai Hub
2025-03-01,HR,Mid,6,52900.0,Bangkok HQ
2025-03-01,HR,Senior,4,64500.0,Bangkok HQ
2025-03-01,HR,Lead,2,99200.0,Bangkok HQ
2025-03-01,HR,Manager,2,111100.0,Chiang Mai Hub
2025-03-01,HR,_movement,0,0,ALL
2025-03-01,Customer Success,Junior,6,31100.0,Bangkok HQ
2025-03-01,Customer Success,Mid,6,62600.0,Bangkok HQ
2025-03-01,Customer Success,Senior,4,91400.0,Bangkok HQ
2025-03-01,Customer Success,Lead,2,72600.0,Rayong Plant
2025-03-01,Customer Success,Manager,2,102100.0,Chiang Mai Hub
2025-03-01,Customer Success,_movement,3,0,ALL
2025-04-01,Sales,Junior,16,31600.0,Chiang Mai Hub
2025-04-01,Sales,Mid,16,41900.0,Rayong Plant
2025-04-01,Sales,Senior,11,69700.0,Rayong Plant
2025-04-01,Sales,Lead,7,111600.0,Bangkok HQ
2025-04-01,Sales,Manager,4,95000.0,Bangkok HQ
2025-04-01,Sales,_movement,1,1,ALL
2025-04-01,Marketing,Junior,4,41100.0,Rayong Plant
2025-04-01,Marketing,Mid,4,59400.0,Bangkok HQ
2025-04-01,Marketing,Senior,3,63900.0,Bangkok HQ
2025-04-01,Marketing,Lead,2,100000.0,Rayong Plant
2025-04-01,Marketing,Manager,1,147000.0,Bangkok HQ
2025-04-01,Marketing,_movement,1,0,ALL
2025-04-01,Engineering,Junior,10,35700.0,Chiang Mai Hub
2025-04-01,Engineering,Mid,10,61100.0,Rayong Plant
2025-04-01,Engineering,Senior,6,59500.0,Bangkok HQ
2025-04-01,Engineering,Lead,4,92700.0,Bangkok HQ
2025-04-01,Engineering,Manager,3,96600.0,Bangkok HQ
2025-04-01,Engineering,_movement,1,0,ALL
2025-04-01,Finance,Junior,13,43200.0,Bangkok HQ
2025-04-01,Finance,Mid,13,61700.0,Bangkok HQ
2025-04-01,Finance,Senior,8,76700.0,Bangkok HQ
2025-04-01,Finance,Lead,5,78100.0,Bangkok HQ
2025-04-01,Finance,Manager,3,95600.0,Bangkok HQ
2025-04-01,Finance,_movement,0,1,ALL
2025-04-01,Operations,Junior,5,40700.0,Bangkok HQ
2025-04-01,Operations,Mid,5,51000.0,Bangkok HQ
2025-04-01,Operations,Senior,4,96500.0,Chiang Mai Hub
2025-04-01,Operations,Lead,2,104800.0,Bangkok HQ
2025-04-01,Operations,Manager,1,109700.0,Bangkok HQ
2025-04-01,Operations,_movement,0,0,ALL
2025-04-01,HR,Junior,6,28900.0,Rayong Plant
2025-04-01,HR,Mid,6,57900.0,Bangkok HQ
2025-04-01,HR,Senior,4,57200.0,Rayong Plant
2025-04-01,HR,Lead,2,76100.0,Bangkok HQ
2025-04-01,HR,Manager,2,127000.0,Rayong Plant
2025-04-01,HR,_movement,0,0,ALL
2025-04-01,Customer Success,Junior,5,37800.0,Bangkok HQ
2025-04-01,Customer Success,Mid,5,45700.0,Bangkok HQ
2025-04-01,Customer Success,Senior,4,94900.0,Bangkok HQ
2025-04-01,Customer Success,Lead,2,78700.0,Rayong Plant
2025-04-01,Customer Success,Manager,1,117700.0,Bangkok HQ
2025-04-01,Customer Success,_movement,0,1,ALL
2025-05-01,Sales,Junior,17,43500.0,Bangkok HQ
2025-05-01,Sales,Mid,17,41700.0,Bangkok HQ
2025-05-01,Sales,Senior,11,89800.0,Bangkok HQ
2025-05-01,Sales,Lead,7,108900.0,Bangkok HQ
2025-05-01,Sales,Manager,4,157000.0,Bangkok HQ
2025-05-01,Sales,_movement,1,0,ALL
2025-05-01,Marketing,Junior,4,25900.0,Bangkok HQ
2025-05-01,Marketing,Mid,4,64200.0,Chiang Mai Hub
2025-05-01,Marketing,Senior,3,72200.0,Bangkok HQ
2025-05-01,Marketing,Lead,2,125500.0,Bangkok HQ
2025-05-01,Marketing,Manager,1,148600.0,Bangkok HQ
2025-05-01,Marketing,_movement,0,1,ALL
2025-05-01,Engineering,Junior,10,44300.0,Rayong Plant
2025-05-01,Engineering,Mid,10,43600.0,Bangkok HQ
2025-05-01,Engineering,Senior,7,66300.0,Chiang Mai Hub
2025-05-01,Engineering,Lead,4,122600.0,Chiang Mai Hub
2025-05-01,Engineering,Manager,3,123900.0,Rayong Plant
2025-05-01,Engineering,_movement,1,0,ALL
2025-05-01,Finance,Junior,12,43800.0,Bangkok HQ
2025-05-01,Finance,Mid,12,60700.0,Rayong Plant
2025-05-01,Finance,Senior,8,94200.0,Rayong Plant
2025-05-01,Finance,Lead,5,101300.0,Bangkok HQ
2025-05-01,Finance,Manager,3,147200.0,Bangkok HQ
2025-05-01,Finance,_movement,0,1,ALL
2025-05-01,Operations,Junior,5,25200.0,Bangkok HQ
2025-05-01,Operations,Mid,5,63100.0,Bangkok HQ
2025-05-01,Operations,Senior,4,58600.0,Bangkok HQ
2025-05-01,Operations,Lead,2,106000.0,Bangkok HQ
2025-05-01,Operations,Manager,1,144100.0,Bangkok HQ
2025-05-01,Operations,_movement,0,0,ALL
2025-05-01,HR,Junior,5,33100.0,Bangkok HQ
2025-05-01,HR,Mid,5,60400.0,Chiang Mai Hub
2025-05-01,HR,Senior,4,84500.0,Bangkok HQ
2025-05-01,HR,Lead,2,103100.0,Bangkok HQ
2025-05-01,HR,Manager,1,127900.0,Bangkok HQ
2025-05-01,HR,_movement,0,1,ALL
2025-05-01,Customer Success,Junior,5,37700.0,Bangkok HQ
2025-05-01,Customer Success,Mid,5,57100.0,Bangkok HQ
2025-05-01,Customer Success,Senior,4,56300.0,Bangkok HQ
2025-05-01,Customer Success,Lead,2,121800.0,Bangkok HQ
2025-05-01,Customer Success,Manager,1,132500.0,Rayong Plant
2025-05-01,Customer Success,_movement,0,0,ALL
2025-06-01,Sales,Junior,17,27700.0,Bangkok HQ
2025-06-01,Sales,Mid,17,53200.0,Bangkok HQ
2025-06-01,Sales,Senior,11,60200.0,Bangkok HQ
2025-06-01,Sales,Lead,7,122100.0,Bangkok HQ
2025-06-01,Sales,Manager,5,104400.0,Bangkok HQ
2025-06-01,Sales,_movement,1,0,ALL
2025-06-01,Marketing,Junior,4,32500.0,Bangkok HQ
2025-06-01,Marketing,Mid,4,61000.0,Bangkok HQ
2025-06-01,Marketing,Senior,3,83000.0,Bangkok HQ
2025-06-01,Marketing,Lead,2,117900.0,Bangkok HQ
2025-06-01,Marketing,Manager,1,89000.0,Bangkok HQ
2025-06-01,Marketing,_movement,1,0,ALL
2025-06-01,Engineering,Junior,10,32500.0,Bangkok HQ
2025-06-01,Engineering,Mid,10,41500.0,Bangkok HQ
2025-06-01,Engineering,Senior,7,81300.0,Bangkok HQ
2025-06-01,Engineering,Lead,4,70300.0,Bangkok HQ
2025-06-01,Engineering,Manager,3,92100.0,Bangkok HQ
2025-06-01,Engineering,_movement,0,0,ALL
2025-06-01,Finance,Junior,13,25500.0,Rayong Plant
2025-06-01,Finance,Mid,13,48800.0,Bangkok HQ
2025-06-01,Finance,Senior,9,85500.0,Bangkok HQ
2025-06-01,Finance,Lead,5,103600.0,Bangkok HQ
2025-06-01,Finance,Manager,3,144200.0,Rayong Plant
2025-06-01,Finance,_movement,2,0,ALL
2025-06-01,Operations,Junior,5,34300.0,Bangkok HQ
2025-06-01,Operations,Mid,5,67300.0,Bangkok HQ
2025-06-01,Operations,Senior,4,96200.0,Chiang Mai Hub
2025-06-01,Operations,Lead,2,88100.0,Rayong Plant
2025-06-01,Operations,Manager,1,113700.0,Chiang Mai Hub
2025-06-01,Operations,_movement,0,0,ALL
2025-06-01,HR,Junior,5,28700.0,Bangkok HQ
2025-06-01,HR,Mid,5,47900.0,Chiang Mai Hub
2025-06-01,HR,Senior,4,97400.0,Bangkok HQ
2025-06-01,HR,Lead,2,78100.0,Bangkok HQ
2025-06-01,HR,Manager,1,126300.0,Bangkok HQ
2025-06-01,HR,_movement,1,1,ALL
2025-06-01,Customer Success,Junior,6,27700.0,Bangkok HQ
2025-06-01,Customer Success,Mid,6,40200.0,Bangkok HQ
2025-06-01,Customer Success,Senior,4,63700.0,Bangkok HQ
2025-06-01,Customer Success,Lead,3,96700.0,Bangkok HQ
2025-06-01,Customer Success,Manager,2,91500.0,Bangkok HQ
2025-06-01,Customer Success,_movement,3,0,ALL
2025-07-01,Sales,Junior,17,29500.0,Bangkok HQ
2025-07-01,Sales,Mid,17,46000.0,Bangkok HQ
2025-07-01,Sales,Senior,11,78500.0,Bangkok HQ
2025-07-01,Sales,Lead,7,113700.0,Rayong Plant
2025-07-01,Sales,Manager,5,118600.0,Bangkok HQ
2025-07-01,Sales,_movement,0,0,ALL
2025-07-01,Marketing,Junior,4,25000.0,Rayong Plant
2025-07-01,Marketing,Mid,4,37900.0,Bangkok HQ
2025-07-01,Marketing,Senior,3,69000.0,Bangkok HQ
2025-07-01,Marketing,Lead,2,84000.0,Bangkok HQ
2025-07-01,Marketing,Manager,1,140900.0,Bangkok HQ
2025-07-01,Marketing,_movement,1,0,ALL
2025-07-01,Engineering,Junior,9,26400.0,Bangkok HQ
2025-07-01,Engineering,Mid,9,37900.0,Bangkok HQ
2025-07-01,Engineering,Senior,6,69500.0,Bangkok HQ
2025-07-01,Engineering,Lead,4,81000.0,Bangkok HQ
2025-07-01,Engineering,Manager,2,136800.0,Chiang Mai Hub
2025-07-01,Engineering,_movement,0,2,ALL
2025-07-01,Finance,Junior,13,42800.0,Bangkok HQ
2025-07-01,Finance,Mid,13,60300.0,Rayong Plant
2025-07-01,Finance,Senior,9,61700.0,Bangkok HQ
2025-07-01,Finance,Lead,5,124700.0,Bangkok HQ
2025-07-01,Finance,Manager,3,91100.0,Chiang Mai Hub
2025-07-01,Finance,_movement,0,0,ALL
2025-07-01,Operations,Junior,5,32500.0,Bangkok HQ
2025-07-01,Operations,Mid,5,57100.0,Bangkok HQ
2025-07-01,Operations,Senior,3,76400.0,Bangkok HQ
2025-07-01,Operations,Lead,2,100300.0,Rayong Plant
2025-07-01,Operations,Manager,1,117200.0,Bangkok HQ
2025-07-01,Operations,_movement,0,2,ALL
2025-07-01,HR,Junior,6,39700.0,Bangkok HQ
2025-07-01,HR,Mid,6,50000.0,Bangkok HQ
2025-07-01,HR,Senior,4,64100.0,Bangkok HQ
2025-07-01,HR,Lead,2,115300.0,Bangkok HQ
2025-07-01,HR,Manager,2,146700.0,Bangkok HQ
2025-07-01,HR,_movement,3,2,ALL
2025-07-01,Customer Success,Junior,7,38000.0,Bangkok HQ
2025-07-01,Customer Success,Mid,7,41300.0,Bangkok HQ
2025-07-01,Customer Success,Senior,4,67700.0,Bangkok HQ
2025-07-01,Customer Success,Lead,3,71900.0,Bangkok HQ
2025-07-01,Customer Success,Manager,2,134100.0,Bangkok HQ
2025-07-01,Customer Success,_movement,2,1,ALL
2025-08-01,Sales,Junior,17,28000.0,Chiang Mai Hub
2025-08-01,Sales,Mid,17,49400.0,Bangkok HQ
2025-08-01,Sales,Senior,12,73800.0,Bangkok HQ
2025-08-01,Sales,Lead,7,88500.0,Bangkok HQ
2025-08-01,Sales,Manager,5,147900.0,Bangkok HQ
2025-08-01,Sales,_movement,1,0,ALL
2025-08-01,Marketing,Junior,4,26500.0,Bangkok HQ
2025-08-01,Marketing,Mid,4,47300.0,Bangkok HQ
2025-08-01,Marketing,Senior,3,88800.0,Rayong Plant
2025-08-01,Marketing,Lead,2,99100.0,Bangkok HQ
2025-08-01,Marketing,Manager,1,91800.0,Bangkok HQ
2025-08-01,Marketing,_movement,0,0,ALL
2025-08-01,Engineering,Junior,9,30800.0,Chiang Mai Hub
2025-08-01,Engineering,Mid,9,58200.0,Bangkok HQ
2025-08-01,Engineering,Senior,6,73100.0,Bangkok HQ
2025-08-01,Engineering,Lead,4,102600.0,Bangkok HQ
2025-08-01,Engineering,Manager,2,97300.0,Rayong Plant
2025-08-01,Engineering,_movement,0,0,ALL
2025-08-01,Finance,Junior,14,25100.0,Bangkok HQ
2025-08-01,Finance,Mid,14,39100.0,Rayong Plant
2025-08-01,Finance,Senior,9,57400.0,Bangkok HQ
2025-08-01,Finance,Lead,5,125500.0,Bangkok HQ
2025-08-01,Finance,Manager,4,93500.0,Bangkok HQ
2025-08-01,Finance,_movement,2,0,ALL
2025-08-01,Operations,Junior,5,38500.0,Bangkok HQ
2025-08-01,Operations,Mid,5,51400.0,Bangkok HQ
2025-08-01,Operations,Senior,3,75700.0,Chiang Mai Hub
2025-08-01,Operations,Lead,2,92700.0,Bangkok HQ
2025-08-01,Operations,Manager,1,106600.0,Bangkok HQ
2025-08-01,Operations,_movement,0,0,ALL
2025-08-01,HR,Junior,6,29000.0,Bangkok HQ
2025-08-01,HR,Mid,6,39300.0,Bangkok HQ
2025-08-01,HR,Senior,4,83200.0,Rayong Plant
2025-08-01,HR,Lead,2,96300.0,Bangkok HQ
2025-08-01,HR,Manager,2,155300.0,Rayong Plant
2025-08-01,HR,_movement,0,0,ALL
2025-08-01,Customer Success,Junior,7,25700.0,Chiang Mai Hub
2025-08-01,Customer Success,Mid,7,46100.0,Bangkok HQ
2025-08-01,Customer Success,Senior,4,78700.0,Chiang Mai Hub
2025-08-01,Customer Success,Lead,3,83300.0,Bangkok HQ
2025-08-01,Customer Success,Manager,2,151300.0,Bangkok HQ
2025-08-01,Customer Success,_movement,0,0,ALL
2025-09-01,Sales,Junior,18,27300.0,Bangkok HQ
2025-09-01,Sales,Mid,18,39400.0,Bangkok HQ
2025-09-01,Sales,Senior,12,59300.0,Bangkok HQ
2025-09-01,Sales,Lead,7,90100.0,Bangkok HQ
2025-09-01,Sales,Manager,5,115400.0,Bangkok HQ
2025-09-01,Sales,_movement,1,0,ALL
2025-09-01,Marketing,Junior,5,45000.0,Chiang Mai Hub
2025-09-01,Marketing,Mid,5,38800.0,Bangkok HQ
2025-09-01,Marketing,Senior,3,83300.0,Bangkok HQ
2025-09-01,Marketing,Lead,2,118700.0,Bangkok HQ
2025-09-01,Marketing,Manager,1,134300.0,Bangkok HQ
2025-09-01,Marketing,_movement,2,1,ALL
2025-09-01,Engineering,Junior,9,39100.0,Bangkok HQ
2025-09-01,Engineering,Mid,9,39700.0,Chiang Mai Hub
2025-09-01,Engineering,Senior,6,68400.0,Rayong Plant
2025-09-01,Engineering,Lead,4,72700.0,Bangkok HQ
2025-09-01,Engineering,Manager,2,134800.0,Rayong Plant
2025-09-01,Engineering,_movement,1,1,ALL
2025-09-01,Finance,Junior,14,43900.0,Bangkok HQ
2025-09-01,Finance,Mid,14,47200.0,Bangkok HQ
2025-09-01,Finance,Senior,9,95900.0,Bangkok HQ
2025-09-01,Finance,Lead,6,98100.0,Chiang Mai Hub
2025-09-01,Finance,Manager,4,93800.0,Chiang Mai Hub
2025-09-01,Finance,_movement,2,1,ALL
2025-09-01,Operations,Junior,5,37400.0,Rayong Plant
2025-09-01,Operations,Mid,5,55200.0,Bangkok HQ
2025-09-01,Operations,Senior,3,90800.0,Rayong Plant
2025-09-01,Operations,Lead,2,123600.0,Bangkok HQ
2025-09-01,Operations,Manager,1,95600.0,Bangkok HQ
2025-09-01,Operations,_movement,0,0,ALL
2025-09-01,HR,Junior,5,39100.0,Rayong Plant
2025-09-01,HR,Mid,5,51600.0,Bangkok HQ
2025-09-01,HR,Senior,4,73000.0,Rayong Plant
2025-09-01,HR,Lead,2,88800.0,Bangkok HQ
2025-09-01,HR,Manager,1,140200.0,Rayong Plant
2025-09-01,HR,_movement,0,1,ALL
2025-09-01,Customer Success,Junior,6,37300.0,Bangkok HQ
2025-09-01,Customer Success,Mid,6,66300.0,Rayong Plant
2025-09-01,Customer Success,Senior,4,59200.0,Bangkok HQ
2025-09-01,Customer Success,Lead,3,81500.0,Rayong Plant
2025-09-01,Customer Success,Manager,2,121800.0,Bangkok HQ
2025-09-01,Customer Success,_movement,0,1,ALL
2025-10-01,Sales,Junior,17,33100.0,Rayong Plant
2025-10-01,Sales,Mid,17,65800.0,Bangkok HQ
2025-10-01,Sales,Senior,12,75700.0,Chiang Mai Hub
2025-10-01,Sales,Lead,7,121300.0,Chiang Mai Hub
2025-10-01,Sales,Manager,5,89600.0,Bangkok HQ
2025-10-01,Sales,_movement,0,1,ALL
2025-10-01,Marketing,Junior,5,27300.0,Rayong Plant
2025-10-01,Marketing,Mid,5,44600.0,Rayong Plant
2025-10-01,Marketing,Senior,3,62500.0,Rayong Plant
2025-10-01,Marketing,Lead,2,94100.0,Rayong Plant
2025-10-01,Marketing,Manager,1,114600.0,Rayong Plant
2025-10-01,Marketing,_movement,0,0,ALL
2025-10-01,Engineering,Junior,9,41700.0,Chiang Mai Hub
2025-10-01,Engineering,Mid,9,62100.0,Rayong Plant
2025-10-01,Engineering,Senior,6,93500.0,Bangkok HQ
2025-10-01,Engineering,Lead,3,107500.0,Bangkok HQ
2025-10-01,Engineering,Manager,2,117800.0,Bangkok HQ
2025-10-01,Engineering,_movement,0,2,ALL
2025-10-01,Finance,Junior,14,36200.0,Bangkok HQ
2025-10-01,Finance,Mid,14,39300.0,Bangkok HQ
2025-10-01,Finance,Senior,9,65000.0,Chiang Mai Hub
2025-10-01,Finance,Lead,6,74400.0,Bangkok HQ
2025-10-01,Finance,Manager,4,126500.0,Rayong Plant
2025-10-01,Finance,_movement,1,1,ALL
2025-10-01,Operations,Junior,5,25600.0,Bangkok HQ
2025-10-01,Operations,Mid,5,44200.0,Bangkok HQ
2025-10-01,Operations,Senior,3,80700.0,Bangkok HQ
2025-10-01,Operations,Lead,2,91500.0,Bangkok HQ
2025-10-01,Operations,Manager,1,147000.0,Bangkok HQ
2025-10-01,Operations,_movement,2,2,ALL
2025-10-01,HR,Junior,6,29000.0,Bangkok HQ
2025-10-01,HR,Mid,6,60700.0,Bangkok HQ
2025-10-01,HR,Senior,4,62500.0,Rayong Plant
2025-10-01,HR,Lead,2,75700.0,Bangkok HQ
2025-10-01,HR,Manager,2,91700.0,Bangkok HQ
2025-10-01,HR,_movement,2,1,ALL
2025-10-01,Customer Success,Junior,6,38600.0,Rayong Plant
2025-10-01,Customer Success,Mid,6,65100.0,Bangkok HQ
2025-10-01,Customer Success,Senior,4,92500.0,Bangkok HQ
2025-10-01,Customer Success,Lead,2,86800.0,Bangkok HQ
2025-10-01,Customer Success,Manager,2,119900.0,Bangkok HQ
2025-10-01,Customer Success,_movement,1,2,ALL
2025-11-01,Sales,Junior,18,26200.0,Bangkok HQ
2025-11-01,Sales,Mid,18,42100.0,Bangkok HQ
2025-11-01,Sales,Senior,12,81300.0,Bangkok HQ
2025-11-01,Sales,Lead,7,78000.0,Bangkok HQ
2025-11-01,Sales,Manager,5,89900.0,Bangkok HQ
2025-11-01,Sales,_movement,3,0,ALL
2025-11-01,Marketing,Junior,6,31600.0,Bangkok HQ
2025-11-01,Marketing,Mid,6,60300.0,Bangkok HQ
2025-11-01,Marketing,Senior,4,86400.0,Rayong Plant
2025-11-01,Marketing,Lead,2,120500.0,Chiang Mai Hub
2025-11-01,Marketing,Manager,2,138000.0,Rayong Plant
2025-11-01,Marketing,_movement,3,0,ALL
2025-11-01,Engineering,Junior,9,39000.0,Chiang Mai Hub
2025-11-01,Engineering,Mid,9,57100.0,Rayong Plant
2025-11-01,Engineering,Senior,6,98600.0,Bangkok HQ
2025-11-01,Engineering,Lead,3,80000.0,Rayong Plant
2025-11-01,Engineering,Manager,2,101000.0,Rayong Plant
2025-11-01,Engineering,_movement,0,0,ALL
2025-11-01,Finance,Junior,14,37500.0,Chiang Mai Hub
2025-11-01,Finance,Mid,14,66600.0,Chiang Mai Hub
2025-11-01,Finance,Senior,9,82300.0,Bangkok HQ
2025-11-01,Finance,Lead,6,98500.0,Rayong Plant
2025-11-01,Finance,Manager,4,116900.0,Rayong Plant
2025-11-01,Finance,_movement,2,1,ALL
2025-11-01,Operations,Junior,5,33400.0,Bangkok HQ
2025-11-01,Operations,Mid,5,48100.0,Bangkok HQ
2025-11-01,Operations,Senior,3,92000.0,Chiang Mai Hub
2025-11-01,Operations,Lead,2,106700.0,Rayong Plant
2025-11-01,Operations,Manager,1,133500.0,Chiang Mai Hub
2025-11-01,Operations,_movement,0,0,ALL
2025-11-01,HR,Junior,6,39300.0,Bangkok HQ
2025-11-01,HR,Mid,6,47500.0,Rayong Plant
2025-11-01,HR,Senior,4,80500.0,Chiang Mai Hub
2025-11-01,HR,Lead,2,78000.0,Bangkok HQ
2025-11-01,HR,Manager,2,148100.0,Bangkok HQ
2025-11-01,HR,_movement,1,0,ALL
2025-11-01,Customer Success,Junior,6,37200.0,Chiang Mai Hub
2025-11-01,Customer Success,Mid,6,48400.0,Chiang Mai Hub
2025-11-01,Customer Success,Senior,4,66000.0,Bangkok HQ
2025-11-01,Customer Success,Lead,2,87200.0,Rayong Plant
2025-11-01,Customer Success,Manager,2,141400.0,Rayong Plant
2025-11-01,Customer Success,_movement,0,0,ALL
2025-12-01,Sales,Junior,18,41400.0,Rayong Plant
2025-12-01,Sales,Mid,18,48000.0,Bangkok HQ
2025-12-01,Sales,Senior,12,74600.0,Bangkok HQ
2025-12-01,Sales,Lead,7,83900.0,Rayong Plant
2025-12-01,Sales,Manager,5,106500.0,Bangkok HQ
2025-12-01,Sales,_movement,0,0,ALL
2025-12-01,Marketing,Junior,6,30000.0,Chiang Mai Hub
2025-12-01,Marketing,Mid,6,54100.0,Bangkok HQ
2025-12-01,Marketing,Senior,4,57800.0,Bangkok HQ
2025-12-01,Marketing,Lead,2,91800.0,Rayong Plant
2025-12-01,Marketing,Manager,2,135900.0,Bangkok HQ
2025-12-01,Marketing,_movement,0,0,ALL
2025-12-01,Engineering,Junior,9,41400.0,Rayong Plant
2025-12-01,Engineering,Mid,9,56200.0,Bangkok HQ
2025-12-01,Engineering,Senior,6,74800.0,Bangkok HQ
2025-12-01,Engineering,Lead,3,81000.0,Bangkok HQ
2025-12-01,Engineering,Manager,2,110500.0,Rayong Plant
2025-12-01,Engineering,_movement,0,0,ALL
2025-12-01,Finance,Junior,14,30500.0,Chiang Mai Hub
2025-12-01,Finance,Mid,14,40300.0,Bangkok HQ
2025-12-01,Finance,Senior,10,63500.0,Rayong Plant
2025-12-01,Finance,Lead,6,77900.0,Bangkok HQ
2025-12-01,Finance,Manager,4,151300.0,Rayong Plant
2025-12-01,Finance,_movement,1,0,ALL
2025-12-01,Operations,Junior,5,38900.0,Bangkok HQ
2025-12-01,Operations,Mid,5,38600.0,Bangkok HQ
2025-12-01,Operations,Senior,3,88300.0,Chiang Mai Hub
2025-12-01,Operations,Lead,2,103000.0,Bangkok HQ
2025-12-01,Operations,Manager,1,130900.0,Rayong Plant
2025-12-01,Operations,_movement,0,0,ALL
2025-12-01,HR,Junior,6,43800.0,Rayong Plant
2025-12-01,HR,Mid,6,47300.0,Rayong Plant
2025-12-01,HR,Senior,4,91100.0,Bangkok HQ
2025-12-01,HR,Lead,2,122800.0,Bangkok HQ
2025-12-01,HR,Manager,2,130900.0,Bangkok HQ
2025-12-01,HR,_movement,0,0,ALL
2025-12-01,Customer Success,Junior,6,29300.0,Bangkok HQ
2025-12-01,Customer Success,Mid,6,40300.0,Bangkok HQ
2025-12-01,Customer Success,Senior,4,69400.0,Bangkok HQ
2025-12-01,Customer Success,Lead,2,95600.0,Bangkok HQ
2025-12-01,Customer Success,Manager,2,155500.0,Bangkok HQ
2025-12-01,Customer Success,_movement,0,1,ALL
2026-01-01,Sales,Junior,18,30000.0,Bangkok HQ
2026-01-01,Sales,Mid,18,44200.0,Bangkok HQ
2026-01-01,Sales,Senior,12,86700.0,Bangkok HQ
2026-01-01,Sales,Lead,7,118600.0,Rayong Plant
2026-01-01,Sales,Manager,5,143300.0,Bangkok HQ
2026-01-01,Sales,_movement,0,0,ALL
2026-01-01,Marketing,Junior,6,38800.0,Bangkok HQ
2026-01-01,Marketing,Mid,6,62200.0,Bangkok HQ
2026-01-01,Marketing,Senior,4,98100.0,Bangkok HQ
2026-01-01,Marketing,Lead,3,81800.0,Bangkok HQ
2026-01-01,Marketing,Manager,2,151400.0,Bangkok HQ
2026-01-01,Marketing,_movement,3,1,ALL
2026-01-01,Engineering,Junior,9,28200.0,Bangkok HQ
2026-01-01,Engineering,Mid,9,38000.0,Bangkok HQ
2026-01-01,Engineering,Senior,6,56900.0,Bangkok HQ
2026-01-01,Engineering,Lead,3,93100.0,Bangkok HQ
2026-01-01,Engineering,Manager,2,109100.0,Rayong Plant
2026-01-01,Engineering,_movement,0,0,ALL
2026-01-01,Finance,Junior,15,41800.0,Rayong Plant
2026-01-01,Finance,Mid,15,45400.0,Bangkok HQ
2026-01-01,Finance,Senior,10,73700.0,Rayong Plant
2026-01-01,Finance,Lead,6,104500.0,Rayong Plant
2026-01-01,Finance,Manager,4,127800.0,Rayong Plant
2026-01-01,Finance,_movement,3,2,ALL
2026-01-01,Operations,Junior,5,43400.0,Rayong Plant
2026-01-01,Operations,Mid,5,45100.0,Bangkok HQ
2026-01-01,Operations,Senior,3,85300.0,Bangkok HQ
2026-01-01,Operations,Lead,2,82900.0,Chiang Mai Hub
2026-01-01,Operations,Manager,1,92400.0,Rayong Plant
2026-01-01,Operations,_movement,1,1,ALL
2026-01-01,HR,Junior,6,34000.0,Bangkok HQ
2026-01-01,HR,Mid,6,44400.0,Bangkok HQ
2026-01-01,HR,Senior,4,77900.0,Bangkok HQ
2026-01-01,HR,Lead,3,80400.0,Bangkok HQ
2026-01-01,HR,Manager,2,137400.0,Rayong Plant
2026-01-01,HR,_movement,1,0,ALL
2026-01-01,Customer Success,Junior,6,43100.0,Bangkok HQ
2026-01-01,Customer Success,Mid,6,54600.0,Bangkok HQ
2026-01-01,Customer Success,Senior,4,98900.0,Bangkok HQ
2026-01-01,Customer Success,Lead,2,110300.0,Bangkok HQ
2026-01-01,Customer Success,Manager,2,113800.0,Bangkok HQ
2026-01-01,Customer Success,_movement,2,1,ALL
2026-02-01,Sales,Junior,19,32100.0,Bangkok HQ
2026-02-01,Sales,Mid,19,38000.0,Bangkok HQ
2026-02-01,Sales,Senior,13,86200.0,Bangkok HQ
2026-02-01,Sales,Lead,8,79900.0,Bangkok HQ
2026-02-01,Sales,Manager,5,154400.0,Rayong Plant
2026-02-01,Sales,_movement,3,0,ALL
2026-02-01,Marketing,Junior,7,34100.0,Bangkok HQ
2026-02-01,Marketing,Mid,7,41700.0,Bangkok HQ
2026-02-01,Marketing,Senior,4,67100.0,Bangkok HQ
2026-02-01,Marketing,Lead,3,117900.0,Rayong Plant
2026-02-01,Marketing,Manager,2,99900.0,Bangkok HQ
2026-02-01,Marketing,_movement,2,1,ALL
2026-02-01,Engineering,Junior,9,26100.0,Rayong Plant
2026-02-01,Engineering,Mid,9,55900.0,Bangkok HQ
2026-02-01,Engineering,Senior,6,75400.0,Bangkok HQ
2026-02-01,Engineering,Lead,3,75100.0,Rayong Plant
2026-02-01,Engineering,Manager,2,135800.0,Bangkok HQ
2026-02-01,Engineering,_movement,0,0,ALL
2026-02-01,Finance,Junior,15,40800.0,Chiang Mai Hub
2026-02-01,Finance,Mid,15,60300.0,Bangkok HQ
2026-02-01,Finance,Senior,10,78900.0,Bangkok HQ
2026-02-01,Finance,Lead,6,116300.0,Bangkok HQ
2026-02-01,Finance,Manager,4,152900.0,Bangkok HQ
2026-02-01,Finance,_movement,1,0,ALL
2026-02-01,Operations,Junior,5,34300.0,Bangkok HQ
2026-02-01,Operations,Mid,5,41300.0,Bangkok HQ
2026-02-01,Operations,Senior,4,98800.0,Bangkok HQ
2026-02-01,Operations,Lead,2,109000.0,Bangkok HQ
2026-02-01,Operations,Manager,1,91700.0,Rayong Plant
2026-02-01,Operations,_movement,2,0,ALL
2026-02-01,HR,Junior,6,41600.0,Bangkok HQ
2026-02-01,HR,Mid,6,39400.0,Bangkok HQ
2026-02-01,HR,Senior,4,69500.0,Bangkok HQ
2026-02-01,HR,Lead,3,97900.0,Chiang Mai Hub
2026-02-01,HR,Manager,2,104700.0,Bangkok HQ
2026-02-01,HR,_movement,0,0,ALL
2026-02-01,Customer Success,Junior,6,38600.0,Bangkok HQ
2026-02-01,Customer Success,Mid,6,44800.0,Bangkok HQ
2026-02-01,Customer Success,Senior,4,57200.0,Rayong Plant
2026-02-01,Customer Success,Lead,3,75100.0,Rayong Plant
2026-02-01,Customer Success,Manager,2,122400.0,Chiang Mai Hub
2026-02-01,Customer Success,_movement,1,0,ALL
2026-03-01,Sales,Junior,19,38000.0,Bangkok HQ
2026-03-01,Sales,Mid,19,66600.0,Bangkok HQ
2026-03-01,Sales,Senior,13,55100.0,Bangkok HQ
2026-03-01,Sales,Lead,8,101900.0,Bangkok HQ
2026-03-01,Sales,Manager,5,109900.0,Bangkok HQ
2026-03-01,Sales,_movement,0,1,ALL
2026-03-01,Marketing,Junior,7,28700.0,Bangkok HQ
2026-03-01,Marketing,Mid,7,38000.0,Rayong Plant
2026-03-01,Marketing,Senior,5,68000.0,Bangkok HQ
2026-03-01,Marketing,Lead,3,114800.0,Bangkok HQ
2026-03-01,Marketing,Manager,2,107200.0,Rayong Plant
2026-03-01,Marketing,_movement,2,0,ALL
2026-03-01,Engineering,Junior,9,38600.0,Rayong Plant
2026-03-01,Engineering,Mid,9,61100.0,Rayong Plant
2026-03-01,Engineering,Senior,6,58700.0,Rayong Plant
2026-03-01,Engineering,Lead,3,94500.0,Bangkok HQ
2026-03-01,Engineering,Manager,2,89800.0,Bangkok HQ
2026-03-01,Engineering,_movement,1,1,ALL
2026-03-01,Finance,Junior,15,36000.0,Chiang Mai Hub
2026-03-01,Finance,Mid,15,48800.0,Bangkok HQ
2026-03-01,Finance,Senior,10,78900.0,Rayong Plant
2026-03-01,Finance,Lead,6,116000.0,Bangkok HQ
2026-03-01,Finance,Manager,4,141900.0,Chiang Mai Hub
2026-03-01,Finance,_movement,0,0,ALL
2026-03-01,Operations,Junior,6,29700.0,Bangkok HQ
2026-03-01,Operations,Mid,6,50600.0,Bangkok HQ
2026-03-01,Operations,Senior,4,63500.0,Rayong Plant
2026-03-01,Operations,Lead,3,70900.0,Bangkok HQ
2026-03-01,Operations,Manager,2,145700.0,Rayong Plant
2026-03-01,Operations,_movement,3,0,ALL
2026-03-01,HR,Junior,7,44300.0,Bangkok HQ
2026-03-01,HR,Mid,7,41300.0,Bangkok HQ
2026-03-01,HR,Senior,4,95700.0,Rayong Plant
2026-03-01,HR,Lead,3,70300.0,Chiang Mai Hub
2026-03-01,HR,Manager,2,118500.0,Bangkok HQ
2026-03-01,HR,_movement,1,0,ALL
2026-03-01,Customer Success,Junior,6,26900.0,Bangkok HQ
2026-03-01,Customer Success,Mid,6,66400.0,Rayong Plant
2026-03-01,Customer Success,Senior,4,80700.0,Chiang Mai Hub
2026-03-01,Customer Success,Lead,3,70600.0,Rayong Plant
2026-03-01,Customer Success,Manager,2,128700.0,Bangkok HQ
2026-03-01,Customer Success,_movement,0,0,ALL
2026-04-01,Sales,Junior,19,33400.0,Bangkok HQ
2026-04-01,Sales,Mid,19,66800.0,Bangkok HQ
2026-04-01,Sales,Senior,13,82300.0,Rayong Plant
2026-04-01,Sales,Lead,8,83400.0,Bangkok HQ
2026-04-01,Sales,Manager,5,98100.0,Bangkok HQ
2026-04-01,Sales,_movement,2,1,ALL
2026-04-01,Marketing,Junior,7,29000.0,Bangkok HQ
2026-04-01,Marketing,Mid,7,60900.0,Bangkok HQ
2026-04-01,Marketing,Senior,5,65500.0,Bangkok HQ
2026-04-01,Marketing,Lead,3,124800.0,Bangkok HQ
2026-04-01,Marketing,Manager,2,88500.0,Bangkok HQ
2026-04-01,Marketing,_movement,0,0,ALL
2026-04-01,Engineering,Junior,9,44400.0,Chiang Mai Hub
2026-04-01,Engineering,Mid,9,42900.0,Bangkok HQ
2026-04-01,Engineering,Senior,6,85400.0,Chiang Mai Hub
2026-04-01,Engineering,Lead,4,97100.0,Bangkok HQ
2026-04-01,Engineering,Manager,2,111100.0,Rayong Plant
2026-04-01,Engineering,_movement,1,0,ALL
2026-04-01,Finance,Junior,16,39800.0,Bangkok HQ
2026-04-01,Finance,Mid,16,43300.0,Bangkok HQ
2026-04-01,Finance,Senior,10,59400.0,Bangkok HQ
2026-04-01,Finance,Lead,6,91100.0,Bangkok HQ
2026-04-01,Finance,Manager,4,125700.0,Bangkok HQ
2026-04-01,Finance,_movement,2,0,ALL
2026-04-01,Operations,Junior,6,37200.0,Bangkok HQ
2026-04-01,Operations,Mid,6,53600.0,Bangkok HQ
2026-04-01,Operations,Senior,4,87000.0,Rayong Plant
2026-04-01,Operations,Lead,2,111300.0,Chiang Mai Hub
2026-04-01,Operations,Manager,2,90900.0,Bangkok HQ
2026-04-01,Operations,_movement,0,1,ALL
2026-04-01,HR,Junior,7,30700.0,Bangkok HQ
2026-04-01,HR,Mid,7,64100.0,Rayong Plant
2026-04-01,HR,Senior,4,85300.0,Bangkok HQ
2026-04-01,HR,Lead,3,99500.0,Bangkok HQ
2026-04-01,HR,Manager,2,145700.0,Bangkok HQ
2026-04-01,HR,_movement,0,0,ALL
2026-04-01,Customer Success,Junior,6,38400.0,Bangkok HQ
2026-04-01,Customer Success,Mid,6,66600.0,Bangkok HQ
2026-04-01,Customer Success,Senior,4,96100.0,Chiang Mai Hub
2026-04-01,Customer Success,Lead,3,100100.0,Rayong Plant
2026-04-01,Customer Success,Manager,2,115100.0,Bangkok HQ
2026-04-01,Customer Success,_movement,1,1,ALL
2026-05-01,Sales,Junior,19,27100.0,Bangkok HQ
2026-05-01,Sales,Mid,19,49500.0,Bangkok HQ
2026-05-01,Sales,Senior,13,75400.0,Bangkok HQ
2026-05-01,Sales,Lead,8,72900.0,Rayong Plant
2026-05-01,Sales,Manager,5,95300.0,Bangkok HQ
2026-05-01,Sales,_movement,1,1,ALL
2026-05-01,Marketing,Junior,8,27200.0,Bangkok HQ
2026-05-01,Marketing,Mid,8,56100.0,Bangkok HQ
2026-05-01,Marketing,Senior,5,74000.0,Bangkok HQ
2026-05-01,Marketing,Lead,3,109800.0,Bangkok HQ
2026-05-01,Marketing,Manager,2,151600.0,Bangkok HQ
2026-05-01,Marketing,_movement,2,0,ALL
2026-05-01,Engineering,Junior,9,38000.0,Bangkok HQ
2026-05-01,Engineering,Mid,9,43700.0,Rayong Plant
2026-05-01,Engineering,Senior,6,97800.0,Chiang Mai Hub
2026-05-01,Engineering,Lead,4,85600.0,Bangkok HQ
2026-05-01,Engineering,Manager,2,123700.0,Bangkok HQ
2026-05-01,Engineering,_movement,2,2,ALL
2026-05-01,Finance,Junior,15,33800.0,Rayong Plant
2026-05-01,Finance,Mid,15,66000.0,Chiang Mai Hub
2026-05-01,Finance,Senior,10,86700.0,Bangkok HQ
2026-05-01,Finance,Lead,6,108600.0,Bangkok HQ
2026-05-01,Finance,Manager,4,134300.0,Bangkok HQ
2026-05-01,Finance,_movement,0,1,ALL
2026-05-01,Operations,Junior,7,41400.0,Chiang Mai Hub
2026-05-01,Operations,Mid,7,47500.0,Bangkok HQ
2026-05-01,Operations,Senior,4,70300.0,Chiang Mai Hub
2026-05-01,Operations,Lead,3,108500.0,Bangkok HQ
2026-05-01,Operations,Manager,2,143000.0,Bangkok HQ
2026-05-01,Operations,_movement,2,0,ALL
2026-05-01,HR,Junior,7,42600.0,Bangkok HQ
2026-05-01,HR,Mid,7,55800.0,Bangkok HQ
2026-05-01,HR,Senior,4,97200.0,Bangkok HQ
2026-05-01,HR,Lead,3,87000.0,Bangkok HQ
2026-05-01,HR,Manager,2,125000.0,Chiang Mai Hub
2026-05-01,HR,_movement,0,0,ALL
2026-05-01,Customer Success,Junior,7,44800.0,Bangkok HQ
2026-05-01,Customer Success,Mid,7,58700.0,Bangkok HQ
2026-05-01,Customer Success,Senior,4,83900.0,Bangkok HQ
2026-05-01,Customer Success,Lead,3,88500.0,Bangkok HQ
2026-05-01,Customer Success,Manager,2,108800.0,Bangkok HQ
2026-05-01,Customer Success,_movement,1,0,ALL
2026-06-01,Sales,Junior,19,42800.0,Bangkok HQ
2026-06-01,Sales,Mid,19,53600.0,Bangkok HQ
2026-06-01,Sales,Senior,12,80100.0,Rayong Plant
2026-06-01,Sales,Lead,7,108800.0,Bangkok HQ
2026-06-01,Sales,Manager,5,136300.0,Bangkok HQ
2026-06-01,Sales,_movement,0,2,ALL
2026-06-01,Marketing,Junior,8,36800.0,Bangkok HQ
2026-06-01,Marketing,Mid,8,37800.0,Bangkok HQ
2026-06-01,Marketing,Senior,5,69600.0,Rayong Plant
2026-06-01,Marketing,Lead,3,110300.0,Bangkok HQ
2026-06-01,Marketing,Manager,2,89200.0,Bangkok HQ
2026-06-01,Marketing,_movement,1,2,ALL
2026-06-01,Engineering,Junior,9,35500.0,Bangkok HQ
2026-06-01,Engineering,Mid,9,41800.0,Bangkok HQ
2026-06-01,Engineering,Senior,6,58800.0,Bangkok HQ
2026-06-01,Engineering,Lead,4,94400.0,Bangkok HQ
2026-06-01,Engineering,Manager,2,91900.0,Bangkok HQ
2026-06-01,Engineering,_movement,0,0,ALL
2026-06-01,Finance,Junior,16,26700.0,Bangkok HQ
2026-06-01,Finance,Mid,16,48500.0,Bangkok HQ
2026-06-01,Finance,Senior,10,83900.0,Bangkok HQ
2026-06-01,Finance,Lead,6,80100.0,Bangkok HQ
2026-06-01,Finance,Manager,4,101300.0,Rayong Plant
2026-06-01,Finance,_movement,1,0,ALL
2026-06-01,Operations,Junior,7,41600.0,Bangkok HQ
2026-06-01,Operations,Mid,7,50600.0,Bangkok HQ
2026-06-01,Operations,Senior,5,61900.0,Rayong Plant
2026-06-01,Operations,Lead,3,83100.0,Bangkok HQ
2026-06-01,Operations,Manager,2,142600.0,Rayong Plant
2026-06-01,Operations,_movement,2,1,ALL
2026-06-01,HR,Junior,6,31600.0,Bangkok HQ
2026-06-01,HR,Mid,6,41200.0,Bangkok HQ
2026-06-01,HR,Senior,4,83000.0,Bangkok HQ
2026-06-01,HR,Lead,3,94300.0,Bangkok HQ
2026-06-01,HR,Manager,2,128000.0,Chiang Mai Hub
2026-06-01,HR,_movement,0,1,ALL
2026-06-01,Customer Success,Junior,7,44900.0,Bangkok HQ
2026-06-01,Customer Success,Mid,7,38100.0,Chiang Mai Hub
2026-06-01,Customer Success,Senior,4,71800.0,Bangkok HQ
2026-06-01,Customer Success,Lead,3,98800.0,Rayong Plant
2026-06-01,Customer Success,Manager,2,130400.0,Bangkok HQ
2026-06-01,Customer Success,_movement,0,0,ALL
2026-07-01,Sales,Junior,20,37400.0,Rayong Plant
2026-07-01,Sales,Mid,20,42000.0,Bangkok HQ
2026-07-01,Sales,Senior,13,67800.0,Bangkok HQ
2026-07-01,Sales,Lead,8,119700.0,Bangkok HQ
2026-07-01,Sales,Manager,5,145800.0,Rayong Plant
2026-07-01,Sales,_movement,3,0,ALL
2026-07-01,Marketing,Junior,7,40200.0,Bangkok HQ
2026-07-01,Marketing,Mid,7,43100.0,Rayong Plant
2026-07-01,Marketing,Senior,5,75700.0,Rayong Plant
2026-07-01,Marketing,Lead,3,125300.0,Rayong Plant
2026-07-01,Marketing,Manager,2,105600.0,Chiang Mai Hub
2026-07-01,Marketing,_movement,0,2,ALL
2026-07-01,Engineering,Junior,9,43800.0,Bangkok HQ
2026-07-01,Engineering,Mid,9,66800.0,Bangkok HQ
2026-07-01,Engineering,Senior,6,62400.0,Bangkok HQ
2026-07-01,Engineering,Lead,4,76600.0,Bangkok HQ
2026-07-01,Engineering,Manager,2,122200.0,Bangkok HQ
2026-07-01,Engineering,_movement,0,0,ALL
2026-07-01,Finance,Junior,16,36200.0,Rayong Plant
2026-07-01,Finance,Mid,16,65200.0,Chiang Mai Hub
2026-07-01,Finance,Senior,10,79700.0,Bangkok HQ
2026-07-01,Finance,Lead,6,70500.0,Bangkok HQ
2026-07-01,Finance,Manager,4,120800.0,Chiang Mai Hub
2026-07-01,Finance,_movement,0,0,ALL
2026-07-01,Operations,Junior,7,34300.0,Chiang Mai Hub
2026-07-01,Operations,Mid,7,45800.0,Rayong Plant
2026-07-01,Operations,Senior,4,79600.0,Bangkok HQ
2026-07-01,Operations,Lead,3,101900.0,Bangkok HQ
2026-07-01,Operations,Manager,2,124100.0,Bangkok HQ
2026-07-01,Operations,_movement,0,1,ALL
2026-07-01,HR,Junior,6,26200.0,Bangkok HQ
2026-07-01,HR,Mid,6,50600.0,Bangkok HQ
2026-07-01,HR,Senior,4,82900.0,Bangkok HQ
2026-07-01,HR,Lead,3,94800.0,Chiang Mai Hub
2026-07-01,HR,Manager,2,136700.0,Bangkok HQ
2026-07-01,HR,_movement,0,0,ALL
2026-07-01,Customer Success,Junior,7,36500.0,Bangkok HQ
2026-07-01,Customer Success,Mid,7,44300.0,Bangkok HQ
2026-07-01,Customer Success,Senior,5,56600.0,Bangkok HQ
2026-07-01,Customer Success,Lead,3,78800.0,Bangkok HQ
2026-07-01,Customer Success,Manager,2,122300.0,Rayong Plant
2026-07-01,Customer Success,_movement,1,0,ALL
2026-08-01,Sales,Junior,19,34200.0,Bangkok HQ
2026-08-01,Sales,Mid,19,66000.0,Bangkok HQ
2026-08-01,Sales,Senior,13,92100.0,Bangkok HQ
2026-08-01,Sales,Lead,8,77800.0,Bangkok HQ
2026-08-01,Sales,Manager,5,139200.0,Chiang Mai Hub
2026-08-01,Sales,_movement,0,1,ALL
2026-08-01,Marketing,Junior,7,28700.0,Rayong Plant
2026-08-01,Marketing,Mid,7,58100.0,Bangkok HQ
2026-08-01,Marketing,Senior,5,62900.0,Bangkok HQ
2026-08-01,Marketing,Lead,3,111600.0,Chiang Mai Hub
2026-08-01,Marketing,Manager,2,105500.0,Bangkok HQ
2026-08-01,Marketing,_movement,1,1,ALL
2026-08-01,Engineering,Junior,9,35300.0,Bangkok HQ
2026-08-01,Engineering,Mid,9,41600.0,Bangkok HQ
2026-08-01,Engineering,Senior,6,91000.0,Bangkok HQ
2026-08-01,Engineering,Lead,3,88400.0,Bangkok HQ
2026-08-01,Engineering,Manager,2,93200.0,Rayong Plant
2026-08-01,Engineering,_movement,1,2,ALL
2026-08-01,Finance,Junior,15,31900.0,Bangkok HQ
2026-08-01,Finance,Mid,15,66500.0,Rayong Plant
2026-08-01,Finance,Senior,10,71600.0,Bangkok HQ
2026-08-01,Finance,Lead,6,95400.0,Bangkok HQ
2026-08-01,Finance,Manager,4,96200.0,Bangkok HQ
2026-08-01,Finance,_movement,0,1,ALL
2026-08-01,Operations,Junior,6,27100.0,Bangkok HQ
2026-08-01,Operations,Mid,6,55900.0,Bangkok HQ
2026-08-01,Operations,Senior,4,64300.0,Bangkok HQ
2026-08-01,Operations,Lead,3,86000.0,Bangkok HQ
2026-08-01,Operations,Manager,2,111000.0,Bangkok HQ
2026-08-01,Operations,_movement,0,1,ALL
2026-08-01,HR,Junior,7,44500.0,Bangkok HQ
2026-08-01,HR,Mid,7,46700.0,Chiang Mai Hub
2026-08-01,HR,Senior,4,87800.0,Bangkok HQ
2026-08-01,HR,Lead,3,117200.0,Bangkok HQ
2026-08-01,HR,Manager,2,141600.0,Bangkok HQ
2026-08-01,HR,_movement,1,0,ALL
2026-08-01,Customer Success,Junior,7,30600.0,Bangkok HQ
2026-08-01,Customer Success,Mid,7,42100.0,Chiang Mai Hub
2026-08-01,Customer Success,Senior,5,60700.0,Chiang Mai Hub
2026-08-01,Customer Success,Lead,3,79800.0,Chiang Mai Hub
2026-08-01,Customer Success,Manager,2,104900.0,Rayong Plant
2026-08-01,Customer Success,_movement,1,0,ALL
